"67","35733","marco","catch"
"67","9446","marco","chx"
"67","29191","marco","douggreen"
"67","1","marco","Dries"
"67","693738","marco","Fabianx"
"67","227","marco","killes@www.drop.org"
"67","183211","marco","plach"
"104","23","christefano","moshe weitzman"
"104","147794","christefano","oseldman"
"104","180064","christefano","System Message"
"188","10","bertboerland","Steven"
"188","1","bertboerland","Dries"
"188","17943","bertboerland","Heine"
"188","243897","bertboerland","mauritsl"
"188","2663","bertboerland","BÃ¨r Kessels"
"227","10","killes@www.drop.org","Steven"
"227","2","killes@www.drop.org","Kjartan"
"345","1678604","drupalwatchdog","moshe"
"345","67","drupalwatchdog","marco"
"409","67","Jeremy","marco"
"409","1678604","Jeremy","moshe"
"740","65088","heather","add1sun"
"740","66894","heather","stella"
"740","52142","heather","scor"
"740","41502","heather","yoroy"
"972","202205","deekayen","cYu"
"2663","831","BÃ¨r Kessels","JonBob"
"2663","92012","BÃ¨r Kessels","Moshe"
"2663","10","BÃ¨r Kessels","Steven"
"2696","147331","batje","zzolo"
"3064","1","drumm","Dries"
"3064","23","drumm","moshe weitzman"
"3064","94675","drumm","nnewton"
"3064","36762","drumm","greggles"
"3064","33420","drumm","aaron"
"3313","9446","joshk","chx"
"3313","3064","joshk","drumm"
"3555","937918","Robert Castelo","walker"
"3555","9446","Robert Castelo","chx"
"4063","1","kbahey","Dries"
"4166","59215","GÃ¡bor Hojtsy","pp"
"4166","258568","GÃ¡bor Hojtsy","YesCT"
"4166","1","GÃ¡bor Hojtsy","Dries"
"4166","2","GÃ¡bor Hojtsy","Kjartan"
"4166","10","GÃ¡bor Hojtsy","Steven"
"4166","23","GÃ¡bor Hojtsy","moshe weitzman"
"4166","83","GÃ¡bor Hojtsy","Gerhard Killesreiter"
"4166","24967","GÃ¡bor Hojtsy","webchick"
"4367","4382","DarKFlameS","rfsbsb"
"4420","23","mikeryan","moshe weitzman"
"4481","112345","nedjo","kattekrab"
"4481","9446","nedjo","chx"
"4481","409","nedjo","Jeremy"
"4481","1","nedjo","Dries"
"4649","26979","oadaeh","merlinofchaos"
"4649","241634","oadaeh","tim.plunkett"
"4649","36762","oadaeh","greggles"
"4649","26398","oadaeh","Crell"
"4649","9446","oadaeh","chx"
"4649","35821","oadaeh","quicksketch"
"4649","54136","oadaeh","sun"
"5973","19668","trailerparkopera","Owen Barton"
"6225","112345","claudinec","kattekrab"
"6225","24967","claudinec","webchick"
"6225","218525","claudinec","cafuego"
"6225","65776","claudinec","xjm"
"6225","139189","claudinec","realityloop"
"7074","30906","seanr","rfay"
"7074","16496","seanr","eaton"
"7074","24967","seanr","webchick"
"7074","9446","seanr","chx"
"8204","4166","sajt","GÃ¡bor Hojtsy"
"8204","23728","sajt","Sweetchuck"
"8204","109248","sajt","alippai"
"8204","613760","sajt","balintk"
"8389","4166","Kristen Pol","GÃ¡bor Hojtsy"
"8389","4299","Kristen Pol","Jose Reyero"
"8389","376463","Kristen Pol","Aimee Degnan"
"8389","54136","Kristen Pol","sun"
"8389","426416","Kristen Pol","hefox"
"8737","262198","xqus","klausi"
"8791","1347126","sillygwailo","ACF"
"9446","4166","chx","GÃ¡bor Hojtsy"
"9446","1","chx","Dries"
"9446","10","chx","Steven"
"9446","2","chx","Kjartan"
"9446","237876","chx","dlhubler"
"9446","46549","chx","dww"
"9740","8355","pfaocle","ixis.dylan"
"9740","4481","pfaocle","nedjo"
"9740","1531","pfaocle","walkah"
"9740","61114","pfaocle","RobLoach"
"10692","11703","zirafa","ankur"
"10692","3064","zirafa","drumm"
"10692","3313","zirafa","joshk"
"10848","1274","steveparks","anarcat"
"10848","153206","steveparks","mig5"
"11504","25701","flickerfly","mfer"
"11504","44261","flickerfly","Rob_Feature"
"13164","9446","budda","chx"
"13164","13164","budda","budda"
"13980","9446","aries","chx"
"13980","4166","aries","GÃ¡bor Hojtsy"
"14767","972","shrop","deekayen"
"14767","54020","shrop","tecto"
"14767","687670","shrop","bdone"
"15171","70474","jmarkel","robbiethegeek"
"15171","265008","jmarkel","forestmars"
"15171","351784","jmarkel","Alexander Allen"
"15171","77539","jmarkel","smerrill"
"15171","258568","jmarkel","YesCT"
"16327","549944","instanceofjamie","rupertj"
"16327","81488","instanceofjamie","matason"
"16734","75278","jrbeeman","msonnabaum"
"16734","273404","jrbeeman","erikwebb"
"16734","421070","jrbeeman","cashwilliams"
"16734","2471030","jrbeeman","cthos"
"16734","384600","jrbeeman","flailingmaster"
"16747","54136","fago","sun"
"16747","24967","fago","webchick"
"16747","78040","fago","effulgentsia"
"16880","551362","JimSmith","mr_scumbag"
"16880","51132","JimSmith","ultimike"
"16880","108450","JimSmith","DamienMcKenna"
"16880","349968","JimSmith","mrconnerton"
"17028","48673","Jon Pugh","neclimdul"
"17028","26979","Jon Pugh","merlinofchaos"
"17028","9034","Jon Pugh","Morbus Iff"
"17028","17849","Jon Pugh","ahoppin"
"17849","2840","ahoppin","zacker"
"17849","3313","ahoppin","joshk"
"17849","3064","ahoppin","drumm"
"17943","646152","Heine","Khalid"
"17943","1","Heine","Dries"
"18981","124982","dalin","David_Rothstein"
"18981","33420","dalin","aaron"
"18981","18703","dalin","Amazon"
"18981","4426","dalin","Boris Mann"
"18981","36762","dalin","greggles"
"18981","747772","dalin","Meriial"
"18981","24153","dalin","cristenperks"
"18981","690026","dalin","monalisa_ny"
"19580","3313","suzanne.aldrich","joshk"
"19580","58600","suzanne.aldrich","populist"
"20159","250093","leoburd","bryanhirsch"
"20908","2945497","samwilson","erangakm"
"20908","395439","samwilson","larowlan"
"20975","46549","agentrickard","dww"
"20975","1","agentrickard","Dries"
"20975","16496","agentrickard","eaton"
"20975","9446","agentrickard","chx"
"20975","26398","agentrickard","Crell"
"21559","104126","alexfc","urbanturk"
"21629","1850070","gobinathm","cilefen"
"21629","1463982","gobinathm","heddn"
"21629","1167326","gobinathm","Cottser"
"21673","23","KentBye","moshe weitzman"
"21673","24967","KentBye","webchick"
"21673","16496","KentBye","eaton"
"21673","1531","KentBye","walkah"
"21673","35821","KentBye","quicksketch"
"21673","65088","KentBye","add1sun"
"21673","17190","KentBye","jjeff"
"21673","2275","KentBye","matt westgate"
"21673","45874","KentBye","KarenS"
"21673","79230","KentBye","eojthebrave"
"21673","181494","KentBye","miche"
"21673","307398","KentBye","jponch"
"21673","31022","KentBye","q0rban"
"21673","75906","KentBye","John Resig"
"21673","59025","KentBye","sirkitree"
"21850","9446","Frando","chx"
"21850","16496","Frando","eaton"
"21850","16747","Frando","fago"
"21850","10","Frando","Steven"
"22093","9446","shumushin","chx"
"22093","39567","shumushin","yched"
"22093","26979","shumushin","merlinofchaos"
"22093","53892","shumushin","Dave Reid"
"22093","128537","shumushin","heyrocker"
"22093","24967","shumushin","webchick"
"22093","16496","shumushin","eaton"
"22093","33420","shumushin","aaron"
"22137","33420","gusaus","aaron"
"22137","222746","gusaus","dougvann"
"22137","105174","gusaus","discipolo"
"22175","155601","batigolix","jhodgdon"
"23570","9446","Michelle","chx"
"23570","26979","Michelle","merlinofchaos"
"23570","53081","Michelle","bdragon"
"23570","146719","Michelle","sdboyer"
"23728","4166","Sweetchuck","GÃ¡bor Hojtsy"
"23728","258568","Sweetchuck","YesCT"
"23728","9446","Sweetchuck","chx"
"23897","4063","ebeyrent","kbahey"
"24967","1","webchick","Dries"
"24967","9446","webchick","chx"
"24967","5449","webchick","robertDouglass"
"24967","10","webchick","Steven"
"24967","18703","webchick","Amazon"
"24967","23","webchick","moshe weitzman"
"24967","22079","webchick","hunmonk"
"24967","35821","webchick","quicksketch"
"24967","2275","webchick","matt westgate"
"24967","17190","webchick","jjeff"
"24967","59115","webchick","LizaK"
"24967","65088","webchick","add1sun"
"24967","54136","webchick","sun"
"24967","124982","webchick","David_Rothstein"
"24967","35733","webchick","catch"
"24967","139855","webchick","ksenzee"
"24967","87969","webchick","Bojhan"
"24967","41502","webchick","yoroy"
"24967","2345274","webchick","leisa"
"24967","406552","webchick","Everett Zufelt"
"24967","78040","webchick","effulgentsia"
"24967","30906","webchick","rfay"
"24967","36762","webchick","greggles"
"24967","65776","webchick","xjm"
"24967","33570","webchick","eliza411"
"25735","367646","fragtom","bkonetzny"
"25735","30906","fragtom","rfay"
"25735","66163","fragtom","floretan"
"25735","243377","fragtom","frega"
"25735","237602","fragtom","rdouglas"
"26089","1337","Arto","adrian"
"26089","4426","Arto","Boris Mann"
"26089","1531","Arto","walkah"
"26398","26979","Crell","merlinofchaos"
"26398","1","Crell","Dries"
"26398","16496","Crell","eaton"
"26398","22079","Crell","hunmonk"
"27895","1167326","foxtrotcharlie","Cottser"
"27930","24967","mgifford","webchick"
"27930","54136","mgifford","sun"
"27930","61393","mgifford","Jeff Burnz"
"27930","87969","mgifford","Bojhan"
"27930","26398","mgifford","Crell"
"27930","406552","mgifford","Everett Zufelt"
"27985","9446","fgm","chx"
"27985","10","fgm","Steven"
"27985","22211","fgm","Damien Tournoud"
"28229","266527","ergophobe","dsnopek"
"28233","5449","Harry Slaughter","robertDouglass"
"28506","24967","rootwork","webchick"
"28506","64383","rootwork","mlncn"
"28506","241634","rootwork","tim.plunkett"
"28506","158886","rootwork","arianek"
"28506","17190","rootwork","jjeff"
"28506","560640","rootwork","lynn"
"28506","43313","rootwork","samcohen"
"28506","489442","rootwork","abelb"
"29899","128537","nonsie","heyrocker"
"29899","20975","nonsie","agentrickard"
"30158","249517","mike stewart","frob"
"30236","406552","dcolburn","Everett Zufelt"
"30906","24967","rfay","webchick"
"30906","49851","rfay","pwolanin"
"30906","49344","rfay","rszrama"
"30906","22211","rfay","Damien Tournoud"
"32095","20975","JohnAlbin","agentrickard"
"32095","9446","JohnAlbin","chx"
"32095","16496","JohnAlbin","eaton"
"32095","26979","JohnAlbin","merlinofchaos"
"32095","35821","JohnAlbin","quicksketch"
"32494","155601","metzlerd","jhodgdon"
"32849","26089","simplulo","Arto"
"33240","35821","dman","quicksketch"
"33240","35733","dman","catch"
"33240","52142","dman","scor"
"33240","24967","dman","webchick"
"33240","72806","dman","VMII"
"33570","34869","eliza411","drewish"
"33570","24967","eliza411","webchick"
"33570","301087","eliza411","halstead"
"33570","146719","eliza411","sdboyer"
"33570","30906","eliza411","rfay"
"33570","9446","eliza411","chx"
"34622","24967","frazras","webchick"
"34622","65776","frazras","xjm"
"34622","241634","frazras","tim.plunkett"
"34622","16188","frazras","canen"
"34869","24967","drewish","webchick"
"34869","46549","drewish","dww"
"34869","9446","drewish","chx"
"34869","54136","drewish","sun"
"35077","107403","mzenner","swentel"
"35266","26979","sime","merlinofchaos"
"35266","959","sime","gordon"
"35266","16496","sime","eaton"
"35266","218525","sime","cafuego"
"35266","112345","sime","kattekrab"
"35488","56282","ohthehugemanatee","pingers"
"35488","77320","ohthehugemanatee","marcingy"
"35488","240280","ohthehugemanatee","lindsayo"
"35488","1128518","ohthehugemanatee","matthews-dupe"
"35488","780508","ohthehugemanatee","rteijeiro"
"35488","258568","ohthehugemanatee","YesCT"
"35488","518662","ohthehugemanatee","azinck"
"35488","654480","ohthehugemanatee","wwhurley"
"36036","155601","Sree","jhodgdon"
"36088","61203","kvanderw","EclipseGc"
"36590","12363","jrglasgow","jbrauer"
"36762","9446","greggles","chx"
"36762","91990","greggles","coltrane"
"36762","5449","greggles","robertDouglass"
"36762","1","greggles","Dries"
"36762","69959","greggles","ezra-g"
"36762","23","greggles","moshe weitzman"
"36762","75278","greggles","msonnabaum"
"36762","24967","greggles","webchick"
"36856","262198","kaare","klausi"
"36856","26398","kaare","Crell"
"36856","54136","kaare","sun"
"36856","57511","kaare","amitaibu"
"36856","29191","kaare","douggreen"
"38665","78040","echoz","effulgentsia"
"38665","32095","echoz","JohnAlbin"
"39078","49817","NITEMAN","jonhattan"
"39078","122101","NITEMAN","pcambra"
"39567","23","yched","moshe weitzman"
"39567","9446","yched","chx"
"39567","24967","yched","webchick"
"39567","54136","yched","sun"
"39567","35733","yched","catch"
"39567","35821","yched","quicksketch"
"39567","16496","yched","eaton"
"39567","78040","yched","effulgentsia"
"39567","65776","yched","xjm"
"40765","19631","kdmarks","bonobo"
"40765","24967","kdmarks","webchick"
"40765","16734","kdmarks","jrbeeman"
"41502","54136","yoroy","sun"
"41502","91319","yoroy","alpritt"
"41502","24967","yoroy","webchick"
"41502","46549","yoroy","dww"
"41502","26979","yoroy","merlinofchaos"
"41502","2345274","yoroy","leisa"
"41502","471666","yoroy","markboulton"
"41502","35733","yoroy","catch"
"41519","999848","stevepurkiss","tvn"
"41519","1157256","stevepurkiss","Tezza"
"41519","258568","stevepurkiss","YesCT"
"41519","65776","stevepurkiss","xjm"
"41519","660472","stevepurkiss","BrockBoland"
"41519","1","stevepurkiss","Dries"
"41519","76919","stevepurkiss","horncologne"
"41519","5449","stevepurkiss","robertDouglass"
"41519","222746","stevepurkiss","dougvann"
"41519","755184","stevepurkiss","guy_schneerson"
"41519","238536","stevepurkiss","learningdrupal"
"41519","53667","stevepurkiss","highermath"
"41519","276718","stevepurkiss","jwalpole"
"41519","75070","stevepurkiss","wesku"
"42327","128537","steveoliver","heyrocker"
"42327","75278","steveoliver","msonnabaum"
"42327","146719","steveoliver","sdboyer"
"42327","78040","steveoliver","effulgentsia"
"43559","1167326","pflame","Cottser"
"43559","258568","pflame","YesCT"
"44261","25701","Rob_Feature","mfer"
"45006","1197044","apratt","theMusician"
"45640","12363","japerry","jbrauer"
"45640","24967","japerry","webchick"
"45640","2799359","japerry","lshey"
"45640","9446","japerry","chx"
"45996","30906","Vacilando","rfay"
"45996","282446","Vacilando","mikeytown2"
"45996","33240","Vacilando","dman"
"45996","99777","Vacilando","Wim Leers"
"45996","24967","Vacilando","webchick"
"46549","9446","dww","chx"
"46549","24967","dww","webchick"
"46549","26979","dww","merlinofchaos"
"46549","41502","dww","yoroy"
"46938","672996","stoptime","pwaterz"
"46938","1184594","stoptime","tpmcgee"
"46938","944314","stoptime","danmcewan"
"46938","173521","stoptime","alxp"
"47194","215342","Pol","pbuyle"
"47194","693738","Pol","Fabianx"
"47194","99340","Pol","dawehner"
"48411","70474","rgs","robbiethegeek"
"48446","41517","israelshmueli","liorkesos"
"48446","57511","israelshmueli","amitaibu"
"48643","309607","smokinggoat","Artusamak"
"48643","182721","smokinggoat","Haza"
"48643","86106","smokinggoat","bojanz"
"48643","49344","smokinggoat","rszrama"
"48643","272140","smokinggoat","damz"
"48673","26979","neclimdul","merlinofchaos"
"48673","9034","neclimdul","Morbus Iff"
"48673","16496","neclimdul","eaton"
"48673","9446","neclimdul","chx"
"48898","54136","smk-ka","sun"
"49282","15091","bmadore","Allie Micka"
"49282","1773","bmadore","emmajane"
"49282","65088","bmadore","add1sun"
"49282","104378","bmadore","liberatr"
"49282","166383","bmadore","chrisshattuck"
"49282","79230","bmadore","eojthebrave"
"49282","191261","bmadore","davidneedham"
"49344","1","rszrama","Dries"
"49344","26398","rszrama","Crell"
"49344","17190","rszrama","jjeff"
"49344","16496","rszrama","eaton"
"49344","22211","rszrama","Damien Tournoud"
"49817","438598","jonhattan","greg.1.anderson"
"49817","23","jonhattan","moshe weitzman"
"49817","1337","jonhattan","adrian"
"49817","1274","jonhattan","anarcat"
"49851","35733","pwolanin","catch"
"49851","9446","pwolanin","chx"
"49851","4166","pwolanin","GÃ¡bor Hojtsy"
"52142","36762","scor","greggles"
"52142","46549","scor","dww"
"52142","24967","scor","webchick"
"52142","1678604","scor","moshe"
"53339","780508","thamas","rteijeiro"
"53339","751964","thamas","LewisNyman"
"53372","1047248","Riaan Burger","leenx"
"53372","123163","Riaan Burger","mckeen_greg"
"53372","409701","Riaan Burger","Daniel Bornman"
"53372","830042","Riaan Burger","ivanbreet"
"53892","20975","Dave Reid","agentrickard"
"53892","26398","Dave Reid","Crell"
"53892","67660","Dave Reid","robeano"
"53892","179805","Dave Reid","stevector"
"53892","81067","Dave Reid","becw"
"53892","128537","Dave Reid","heyrocker"
"53892","24967","Dave Reid","webchick"
"53892","25701","Dave Reid","mfer"
"53892","16496","Dave Reid","eaton"
"53892","33420","Dave Reid","aaron"
"53892","9446","Dave Reid","chx"
"53892","36762","Dave Reid","greggles"
"53892","30906","Dave Reid","rfay"
"53892","35821","Dave Reid","quicksketch"
"53892","1773","Dave Reid","emmajane"
"54136","48898","sun","smk-ka"
"54136","32143","sun","Richard Archer"
"54136","46549","sun","dww"
"54136","10","sun","Steven"
"54136","1","sun","Dries"
"54136","35733","sun","catch"
"54136","87969","sun","Bojhan"
"54136","41502","sun","yoroy"
"54136","24967","sun","webchick"
"54136","9446","sun","chx"
"54136","39567","sun","yched"
"54136","88931","sun","Jacine"
"54136","18703","sun","Amazon"
"54136","4481","sun","nedjo"
"54136","34869","sun","drewish"
"54136","33420","sun","aaron"
"54136","2663","sun","BÃ¨r Kessels"
"54136","22211","sun","Damien Tournoud"
"55284","93488","siliconmeadow","vijaycs85"
"55284","201043","siliconmeadow","ellahikamran"
"55284","107701","siliconmeadow","joachim"
"55284","54136","siliconmeadow","sun"
"55284","30906","siliconmeadow","rfay"
"55284","66894","siliconmeadow","stella"
"55284","227849","siliconmeadow","timmillwood"
"55284","99644","siliconmeadow","Steven Jones"
"55284","2239","siliconmeadow","adrinux"
"55284","153206","siliconmeadow","mig5"
"55284","321496","siliconmeadow","manarth"
"55284","16327","siliconmeadow","instanceofjamie"
"55284","160479","siliconmeadow","mcjim"
"55284","241220","siliconmeadow","galooph"
"55284","35739","siliconmeadow","adub"
"55284","93429","siliconmeadow","psynaptic"
"55284","81488","siliconmeadow","matason"
"55284","157725","siliconmeadow","alexpott"
"55284","155601","siliconmeadow","jhodgdon"
"55284","172759","siliconmeadow","alarcombe"
"55284","274980","siliconmeadow","tayzlor"
"55284","336031","siliconmeadow","Dean Reilly"
"55284","881620","siliconmeadow","tsphethean"
"55284","1183748","siliconmeadow","geberele"
"55284","2287388","siliconmeadow","Thibaud G"
"55284","768282","siliconmeadow","pacproduct"
"56020","16747","jpetso","fago"
"56020","71764","jpetso","criz"
"56020","46549","jpetso","dww"
"56020","22202","jpetso","dopry"
"56020","146719","jpetso","sdboyer"
"56441","262198","amitgoyal","klausi"
"56503","109542","rubyji","JuliaKM"
"56503","28506","rubyji","rootwork"
"56503","912356","rubyji","kayelle"
"56503","2439296","rubyji","holly.ross.drupal"
"56503","1041564","rubyji","hanpersand"
"57956","111437","Sam Moore","fureigh"
"57956","683300","Sam Moore","benjifisher"
"58600","112278","populist","batsonjay"
"58600","26979","populist","merlinofchaos"
"58654","4166","nevergone","GÃ¡bor Hojtsy"
"58679","65676","mikl","mortendk"
"58977","70474","decibel.places","robbiethegeek"
"58977","110386","decibel.places","Alex UA"
"58977","265008","decibel.places","forestmars"
"58977","77539","decibel.places","smerrill"
"58977","244460","decibel.places","ericduran"
"58977","67977","decibel.places","zroger"
"59215","4166","pp","GÃ¡bor Hojtsy"
"59747","16747","mh86","fago"
"59747","262198","mh86","klausi"
"59747","59351","mh86","nicholasThompson"
"59864","309607","garphy","Artusamak"
"59864","86106","garphy","bojanz"
"59864","412171","garphy","SebCorbin"
"59864","172312","garphy","Simon Georges"
"59864","228295","garphy","dasjo"
"59864","77375","garphy","bleen18"
"59864","931394","garphy","DuaelFr"
"59864","53892","garphy","Dave Reid"
"59864","840556","garphy","kmoll"
"60422","9446","BTMash","chx"
"60422","1531","BTMash","walkah"
"60422","24967","BTMash","webchick"
"60422","65776","BTMash","xjm"
"60422","241634","BTMash","tim.plunkett"
"60728","539502","Aciid","omega8cc"
"61114","1531","RobLoach","walkah"
"61114","17190","RobLoach","jjeff"
"61114","54136","RobLoach","sun"
"61203","26979","EclipseGc","merlinofchaos"
"61203","16496","EclipseGc","eaton"
"61203","1531","EclipseGc","walkah"
"61203","128537","EclipseGc","heyrocker"
"61203","24967","EclipseGc","webchick"
"61203","9446","EclipseGc","chx"
"61203","54136","EclipseGc","sun"
"61203","75278","EclipseGc","msonnabaum"
"61393","9446","Jeff Burnz","chx"
"61393","27930","Jeff Burnz","mgifford"
"61393","87969","Jeff Burnz","Bojhan"
"61393","41502","Jeff Burnz","yoroy"
"61393","54136","Jeff Burnz","sun"
"61393","26398","Jeff Burnz","Crell"
"61393","26979","Jeff Burnz","merlinofchaos"
"61393","32095","Jeff Burnz","JohnAlbin"
"61393","16496","Jeff Burnz","eaton"
"61393","1","Jeff Burnz","Dries"
"61393","24967","Jeff Burnz","webchick"
"61393","65676","Jeff Burnz","mortendk"
"61393","88931","Jeff Burnz","Jacine"
"62483","23570","Wolfflow","Michelle"
"62496","3313","mikey_p","joshk"
"62496","9446","mikey_p","chx"
"62496","47566","mikey_p","dmitrig01"
"62496","391689","mikey_p","Mixologic"
"62965","24967","Xano","webchick"
"62965","9446","Xano","chx"
"62965","26398","Xano","Crell"
"62965","53892","Xano","Dave Reid"
"62965","30906","Xano","rfay"
"62965","26979","Xano","merlinofchaos"
"62965","241634","Xano","tim.plunkett"
"62965","214652","Xano","Berdir"
"62965","99340","Xano","dawehner"
"63971","58600","elly","populist"
"63971","3313","elly","joshk"
"63971","85586","elly","jenlampton"
"63971","27072","elly","Nick Lewis"
"63971","282537","elly","jonskulski"
"64383","9446","mlncn","chx"
"64383","24967","mlncn","webchick"
"64383","50674","mlncn","chachasikes"
"64383","100456","mlncn","bangpound"
"64383","386087","mlncn","Stefan Freudenberg"
"65088","24967","add1sun","webchick"
"65088","26979","add1sun","merlinofchaos"
"65088","35821","add1sun","quicksketch"
"65088","16496","add1sun","eaton"
"65088","36762","add1sun","greggles"
"65088","46549","add1sun","dww"
"65451","44756","noomz","sugree"
"65470","3313","Senpai","joshk"
"65470","24967","Senpai","webchick"
"65470","9446","Senpai","chx"
"65470","65088","Senpai","add1sun"
"65470","26979","Senpai","merlinofchaos"
"65470","146719","Senpai","sdboyer"
"65776","35733","xjm","catch"
"65776","9446","xjm","chx"
"65776","124982","xjm","David_Rothstein"
"65776","1","xjm","Dries"
"65776","4166","xjm","GÃ¡bor Hojtsy"
"65776","54136","xjm","sun"
"65776","24967","xjm","webchick"
"66273","65676","rachel_norfolk","mortendk"
"66273","2104556","rachel_norfolk","emma.maria"
"66273","1879760","rachel_norfolk","idebr"
"66880","1167326","bdgreen","Cottser"
"68459","75278","glennpratt","msonnabaum"
"68459","595250","glennpratt","christianchristensen"
"68459","98581","glennpratt","travist"
"68459","183932","glennpratt","randallknutson"
"68621","49344","Sc0tt","rszrama"
"68621","60422","Sc0tt","BTMash"
"68905","91990","mhrabovcin","coltrane"
"68905","56282","mhrabovcin","pingers"
"68905","77320","mhrabovcin","marcingy"
"68905","373605","mhrabovcin","mundanity"
"68905","1037976","mhrabovcin","damiankloip"
"68912","9446","JacobSingh","chx"
"68912","1678604","JacobSingh","moshe"
"68912","24967","JacobSingh","webchick"
"68912","35733","JacobSingh","catch"
"69463","386087","freescholar","Stefan Freudenberg"
"69496","258568","mariano.barcia","YesCT"
"69706","99340","drubb","dawehner"
"69706","780508","drubb","rteijeiro"
"69706","98730","drubb","ifrik"
"69959","36762","ezra-g","greggles"
"69959","26979","ezra-g","merlinofchaos"
"69959","1678604","ezra-g","moshe"
"69959","24967","ezra-g","webchick"
"70190","125814","cmseasy","clemens.tolboom"
"70190","449000","cmseasy","helmo"
"70474","58897","robbiethegeek","jredding"
"70474","67977","robbiethegeek","zroger"
"70474","49940","robbiethegeek","andrewlevine"
"70474","26979","robbiethegeek","merlinofchaos"
"70474","77539","robbiethegeek","smerrill"
"71563","26979","nickl","merlinofchaos"
"71563","9446","nickl","chx"
"71563","23","nickl","moshe weitzman"
"71563","24967","nickl","webchick"
"71764","16747","criz","fago"
"71764","761344","criz","fubhy"
"72475","3064","dfletcher","drumm"
"72475","46549","dfletcher","dww"
"72475","148199","dfletcher","jthorson"
"72810","112345","pdjohnson","kattekrab"
"72871","65470","Andrew_Mallis","Senpai"
"72964","213574","eternalistic","fmitchell"
"72964","60936","eternalistic","jeffrey.dalton"
"73183","58600","slantview","populist"
"73545","47098","Sharique","phayes"
"73854","4166","Sutharsan","GÃ¡bor Hojtsy"
"74392","52142","cwells","scor"
"74669","24967","steinmb","webchick"
"74669","128537","steinmb","heyrocker"
"74669","9446","steinmb","chx"
"74669","65776","steinmb","xjm"
"76026","9446","xurizaemon","chx"
"76026","53892","xurizaemon","Dave Reid"
"76026","183018","xurizaemon","katiebot"
"76026","31033","xurizaemon","Shiny"
"76026","33240","xurizaemon","dman"
"76245","214652","mrf","Berdir"
"76245","372772","mrf","eosrei"
"77320","35733","marcingy","catch"
"77320","9034","marcingy","Morbus Iff"
"77320","9446","marcingy","chx"
"77453","227761","cgalli","miro_dietiker"
"77453","49344","cgalli","rszrama"
"77599","160302","artis","joelpittet"
"77785","6521","Shawn DeArmond","benshell"
"77785","85586","Shawn DeArmond","jenlampton"
"77785","35821","Shawn DeArmond","quicksketch"
"77785","116053","Shawn DeArmond","zchandler"
"77805","36762","setvik","greggles"
"77805","65776","setvik","xjm"
"77805","82971","setvik","dokumori"
"78665","25701","dnewkerk","mfer"
"78665","44261","dnewkerk","Rob_Feature"
"78665","128537","dnewkerk","heyrocker"
"78665","61203","dnewkerk","EclipseGc"
"78665","146719","dnewkerk","sdboyer"
"78665","33667","dnewkerk","lyricnz"
"78965","1037606","opratr","ericthelast"
"78965","389011","opratr","geerlingguy"
"78965","2412664","opratr","lostkangaroo"
"81456","5449","mogdesign","robertDouglass"
"81456","19668","mogdesign","Owen Barton"
"81456","76919","mogdesign","horncologne"
"81456","31977","mogdesign","meba"
"81456","250993","mogdesign","Glenn Hilton"
"82964","9446","salvis","chx"
"82964","23","salvis","moshe weitzman"
"82971","19836","dokumori","the greenman"
"82971","3555","dokumori","Robert Castelo"
"82971","36762","dokumori","greggles"
"83474","99340","derhasi","dawehner"
"83474","26398","derhasi","Crell"
"83474","107158","derhasi","tstoeckler"
"83474","254778","derhasi","webflo"
"84263","79230","Les Lim","eojthebrave"
"84263","241634","Les Lim","tim.plunkett"
"84886","1467782","thehong","fabpot"
"84886","1","thehong","Dries"
"84886","214652","thehong","Berdir"
"84886","9446","thehong","chx"
"84886","54136","thehong","sun"
"84886","26979","thehong","merlinofchaos"
"85586","24967","jenlampton","webchick"
"85586","26979","jenlampton","merlinofchaos"
"85586","58600","jenlampton","populist"
"85586","3313","jenlampton","joshk"
"85586","2840","jenlampton","zacker"
"85586","33290","jenlampton","starbow"
"85586","78040","jenlampton","effulgentsia"
"85586","9446","jenlampton","chx"
"85586","35821","jenlampton","quicksketch"
"85730","65776","Shyamala","xjm"
"85730","395439","Shyamala","larowlan"
"86106","9446","bojanz","chx"
"86106","99340","bojanz","dawehner"
"86106","49344","bojanz","rszrama"
"86106","22211","bojanz","Damien Tournoud"
"86970","595658","Ivan Zugec","murrayw"
"86970","551936","Ivan Zugec","marji"
"87203","1825768","oskar_calvo","jonhatan"
"87585","258568","lucascaro","YesCT"
"87585","226976","lucascaro","ZenDoodles"
"87585","262198","lucascaro","klausi"
"87969","54136","Bojhan","sun"
"87969","24967","Bojhan","webchick"
"87969","35733","Bojhan","catch"
"87969","41502","Bojhan","yoroy"
"87969","124982","Bojhan","David_Rothstein"
"87969","9446","Bojhan","chx"
"88338","93254","Matt V.","David Strauss"
"88338","92096","Matt V.","Todd Nienkerk"
"88338","331594","Matt V.","erik.summerfield"
"88338","101665","Matt V.","jaydubb181"
"88338","615672","Matt V.","rocketeerbkw"
"88701","35821","ximo","quicksketch"
"88701","41502","ximo","yoroy"
"88701","24967","ximo","webchick"
"88701","9446","ximo","chx"
"88701","65676","ximo","mortendk"
"88931","54136","Jacine","sun"
"88931","78040","Jacine","effulgentsia"
"88931","24967","Jacine","webchick"
"91990","36762","coltrane","greggles"
"91990","4063","coltrane","kbahey"
"91990","75278","coltrane","msonnabaum"
"93488","157725","vijaycs85","alexpott"
"93488","4166","vijaycs85","GÃ¡bor Hojtsy"
"93488","258568","vijaycs85","YesCT"
"93488","241634","vijaycs85","tim.plunkett"
"93488","99340","vijaycs85","dawehner"
"93488","65776","vijaycs85","xjm"
"93488","37286","vijaycs85","bdziewierz"
"93488","274980","vijaycs85","tayzlor"
"93488","881620","vijaycs85","tsphethean"
"93488","9446","vijaycs85","chx"
"94289","58897","rvb","jredding"
"95785","166383","dvogelca","chrisshattuck"
"95785","153998","dvogelca","Itangalo"
"95785","44261","dvogelca","Rob_Feature"
"96002","5212","Offlein","crunchywelch"
"96002","67296","Offlein","advosuzi"
"96002","33420","Offlein","aaron"
"98730","155601","ifrik","jhodgdon"
"98730","258568","ifrik","YesCT"
"98730","10083","ifrik","ekes"
"98799","52142","lokapujya","scor"
"99340","26979","dawehner","merlinofchaos"
"99340","241634","dawehner","tim.plunkett"
"99340","9446","dawehner","chx"
"99340","24967","dawehner","webchick"
"99340","1037976","dawehner","damiankloip"
"99340","65776","dawehner","xjm"
"99340","157725","dawehner","alexpott"
"99340","35733","dawehner","catch"
"99340","49851","dawehner","pwolanin"
"99340","107158","dawehner","tstoeckler"
"99777","9446","Wim Leers","chx"
"99777","26979","Wim Leers","merlinofchaos"
"99777","65470","Wim Leers","Senpai"
"99777","14572","Wim Leers","kkaefer"
"100267","348228","vengador","fastangel"
"100291","68912","dipen chaudhary","JacobSingh"
"100919","24967","exaboy","webchick"
"100919","172120","exaboy","robschmitt"
"101412","72806","NancyDru","VMII"
"101412","92012","NancyDru","Moshe"
"103553","26979","grndlvl","merlinofchaos"
"103553","53892","grndlvl","Dave Reid"
"103553","46483","grndlvl","Kpolymorphic"
"103553","124982","grndlvl","David_Rothstein"
"103553","18981","grndlvl","dalin"
"103634","24967","valderama","webchick"
"104378","51132","liberatr","ultimike"
"104378","240860","liberatr","tedbow"
"104378","98079","liberatr","Andrew M Riley"
"104378","276290","liberatr","JCL324"
"104378","275808","liberatr","BLadwin"
"104378","262245","liberatr","BrightBold"
"104378","108450","liberatr","DamienMcKenna"
"104378","49282","liberatr","bmadore"
"104378","1773","liberatr","emmajane"
"104378","24967","liberatr","webchick"
"104378","35821","liberatr","quicksketch"
"104378","100456","liberatr","bangpound"
"104378","74425","liberatr","willfe"
"104378","153998","liberatr","Itangalo"
"104378","192989","liberatr","xentek"
"105524","32095","eatings","JohnAlbin"
"105524","67660","eatings","robeano"
"105524","85586","eatings","jenlampton"
"105524","748566","eatings","jessebeach"
"105777","4166","asrob","GÃ¡bor Hojtsy"
"105777","58654","asrob","nevergone"
"105777","59215","asrob","pp"
"106070","49344","DigitalFrontiersMedia","rszrama"
"106070","51132","DigitalFrontiersMedia","ultimike"
"106134","1682402","derjochenmeyer","thomasgick"
"106885","567694","xulispa","sebas5384"
"106885","412650","xulispa","rafaelcaceres"
"107158","54136","tstoeckler","sun"
"107158","99340","tstoeckler","dawehner"
"107158","4166","tstoeckler","GÃ¡bor Hojtsy"
"107158","254778","tstoeckler","webflo"
"107158","39567","tstoeckler","yched"
"107158","16747","tstoeckler","fago"
"107158","183211","tstoeckler","plach"
"107158","9446","tstoeckler","chx"
"107158","214652","tstoeckler","Berdir"
"107229","107403","BarisW","swentel"
"107229","99777","BarisW","Wim Leers"
"107229","62965","BarisW","Xano"
"107229","17943","BarisW","Heine"
"107229","960720","BarisW","Marty2081"
"107403","54136","swentel","sun"
"107403","9446","swentel","chx"
"107403","39567","swentel","yched"
"107403","1678604","swentel","moshe"
"107403","157725","swentel","alexpott"
"107403","26979","swentel","merlinofchaos"
"107403","78040","swentel","effulgentsia"
"107403","35733","swentel","catch"
"107667","224499","aschiwi","Kars-T"
"107667","36942","aschiwi","stBorchert"
"107667","24967","aschiwi","webchick"
"107667","65088","aschiwi","add1sun"
"107667","83474","aschiwi","derhasi"
"107667","397618","aschiwi","Cyberschorsch"
"107667","244597","aschiwi","SteffenR"
"107780","30957","mbyrnes","thinkinkless"
"108450","104378","DamienMcKenna","liberatr"
"108450","24967","DamienMcKenna","webchick"
"108450","35821","DamienMcKenna","quicksketch"
"108450","51132","DamienMcKenna","ultimike"
"108450","26979","DamienMcKenna","merlinofchaos"
"109248","9446","alippai","chx"
"109248","352587","alippai","pkiraly"
"109248","59215","alippai","pp"
"109248","58645","alippai","snufkin"
"109335","591932","KayL","droplet"
"109870","24967","katherined","webchick"
"109870","65088","katherined","add1sun"
"109870","454444","katherined","BMDan"
"109890","120651","sreynen","beeradb"
"109890","278450","sreynen","justin2pin"
"109890","36762","sreynen","greggles"
"110386","33420","Alex UA","aaron"
"110386","3313","Alex UA","joshk"
"110518","241220","stevecowie","galooph"
"111145","65676","zorp","mortendk"
"111145","697210","zorp","cableman0408"
"111145","694726","zorp","magnify"
"111145","58666","zorp","johsw"
"111437","24967","fureigh","webchick"
"111437","258568","fureigh","YesCT"
"111437","226976","fureigh","ZenDoodles"
"112063","1678604","frankcarey","moshe"
"112063","96935","frankcarey","mike ryan"
"112063","24967","frankcarey","webchick"
"112063","34869","frankcarey","drewish"
"112063","67977","frankcarey","zroger"
"112063","77539","frankcarey","smerrill"
"112063","168251","frankcarey","tizzo"
"112345","35266","kattekrab","sime"
"112345","65776","kattekrab","xjm"
"112345","218525","kattekrab","cafuego"
"112345","24967","kattekrab","webchick"
"112345","139189","kattekrab","realityloop"
"112345","118406","kattekrab","farriss"
"112345","1431110","kattekrab","pameeela"
"112345","395439","kattekrab","larowlan"
"112345","3235635","kattekrab","adamrichard"
"112352","1198438","NormySan","olofjohansson"
"112500","168251","Jody Lynn","tizzo"
"112500","54136","Jody Lynn","sun"
"113268","62965","justinchev","Xano"
"114207","804134","aloyr","brisho"
"114444","52142","lauggh","scor"
"115695","68905","valdo","mhrabovcin"
"115695","80733","valdo","Pasqualle"
"115695","4166","valdo","GÃ¡bor Hojtsy"
"115695","258568","valdo","YesCT"
"115856","59702","osopolar","fuerst"
"116002","118908","podarok","andypost"
"116002","257311","podarok","ygerasimov"
"116053","3313","zchandler","joshk"
"116201","35266","joshmelbs","sime"
"116201","1508390","joshmelbs","jamesharv"
"116231","30906","Mile23","rfay"
"116397","22211","BÃ¨s","Damien Tournoud"
"116397","598310","BÃ¨s","nod_"
"116893","49344","rlnorthcutt","rszrama"
"116893","241634","rlnorthcutt","tim.plunkett"
"116893","24967","rlnorthcutt","webchick"
"116893","9446","rlnorthcutt","chx"
"116893","115444","rlnorthcutt","benclark"
"117368","1531","Chris Luckhardt","walkah"
"117368","4063","Chris Luckhardt","kbahey"
"118398","26398","gdemet","Crell"
"118857","183956","rokr","tobiasb"
"118857","254778","rokr","webflo"
"118857","99340","rokr","dawehner"
"118908","9446","andypost","chx"
"118908","54136","andypost","sun"
"118908","35733","andypost","catch"
"118908","99340","andypost","dawehner"
"118908","241634","andypost","tim.plunkett"
"119432","820356","finn.lewis","kgoel"
"120351","464624","JayVGee","ishmael-sanchez"
"120351","18219","JayVGee","OpenChimp"
"120351","1773","JayVGee","emmajane"
"120651","36762","beeradb","greggles"
"120651","278450","beeradb","justin2pin"
"120651","109890","beeradb","sreynen"
"120651","24967","beeradb","webchick"
"120651","153963","beeradb","ultimateboy"
"120651","150473","beeradb","vordude"
"120651","35821","beeradb","quicksketch"
"120651","27802","beeradb","cyberswat"
"120651","139334","beeradb","Rick Nashleanas"
"122101","49344","pcambra","rszrama"
"122101","30906","pcambra","rfay"
"122101","63775","pcambra","Carlitus"
"122101","118449","pcambra","ilo"
"122101","49817","pcambra","jonhattan"
"122101","16581","pcambra","robertgarrigos"
"122101","86106","pcambra","bojanz"
"122101","959536","pcambra","penyaskito"
"122464","4063","jcnventura","kbahey"
"122682","49851","Nick_vh","pwolanin"
"122682","266779","Nick_vh","cpliakas"
"122682","122101","Nick_vh","pcambra"
"122682","107403","Nick_vh","swentel"
"123987","744628","Iztok","slashrsm"
"123987","19501","Iztok","paranojik"
"125378","321496","afox","manarth"
"125751","448086","aaki","hernani"
"126783","159507","japo32","fusionx1"
"126783","1018262","japo32","geraldvillorente"
"126783","391852","japo32","cmcintosh"
"127091","234612","awasson","spirodon"
"127091","458578","awasson","eft"
"127556","89512","pearcraft","nadavoid"
"128191","262198","kscheirer","klausi"
"128191","63155","kscheirer","csevb10"
"128191","73183","kscheirer","slantview"
"128191","175891","kscheirer","redhatmatt"
"128537","24967","heyrocker","webchick"
"128537","16496","heyrocker","eaton"
"128537","65776","heyrocker","xjm"
"128537","9446","heyrocker","chx"
"128537","20975","heyrocker","agentrickard"
"128537","30906","heyrocker","rfay"
"128537","36762","heyrocker","greggles"
"128537","1531","heyrocker","walkah"
"128537","65088","heyrocker","add1sun"
"128537","93254","heyrocker","David Strauss"
"128537","146719","heyrocker","sdboyer"
"128537","4426","heyrocker","Boris Mann"
"128652","214652","blueminds","Berdir"
"128652","227761","blueminds","miro_dietiker"
"129088","657848","minorOffense","spotzero"
"129588","65776","cam8001","xjm"
"129588","9446","cam8001","chx"
"129588","155601","cam8001","jhodgdon"
"130342","959536","maxtorete","penyaskito"
"130909","32095","ipwa","JohnAlbin"
"130909","222241","ipwa","level09"
"130909","264148","ipwa","seutje"
"130909","82971","ipwa","dokumori"
"130909","3555","ipwa","Robert Castelo"
"132175","56020","marvil07","jpetso"
"132175","54136","marvil07","sun"
"132175","9446","marvil07","chx"
"132175","26979","marvil07","merlinofchaos"
"133806","38580","8thom","beejeebus"
"134177","361698","dsnoeck","sir_squall"
"134782","147188","momfer","catorghans"
"135190","9371","ivanjaros","havran"
"138216","24967","karschsp","webchick"
"138216","9446","karschsp","chx"
"138216","168251","karschsp","tizzo"
"138216","241634","karschsp","tim.plunkett"
"138230","19668","swirt","Owen Barton"
"138230","253430","swirt","daven"
"138230","501688","swirt","eric.napier"
"138305","158153","valgibson","marcvangend"
"138305","774070","valgibson","jurcello"
"138388","125473","jackbravo","develCuy"
"138388","631904","jackbravo","KarimB"
"138388","359937","jackbravo","xamanu"
"139189","24967","realityloop","webchick"
"139189","258568","realityloop","YesCT"
"139189","36762","realityloop","greggles"
"139855","24967","ksenzee","webchick"
"139855","9446","ksenzee","chx"
"139855","46549","ksenzee","dww"
"139855","1","ksenzee","Dries"
"139855","4166","ksenzee","GÃ¡bor Hojtsy"
"139855","124982","ksenzee","David_Rothstein"
"139855","128537","ksenzee","heyrocker"
"140080","349968","mchoffa","mrconnerton"
"141706","62496","grantkruger","mikey_p"
"141706","208732","grantkruger","jhedstrom"
"141706","24967","grantkruger","webchick"
"143056","61203","marketter","EclipseGc"
"143172","9446","matt2000","chx"
"143172","24967","matt2000","webchick"
"143172","36762","matt2000","greggles"
"143496","271780","lunk_rat","krlucas"
"143496","10297","lunk_rat","cfennell"
"143496","19044","lunk_rat","dgorton"
"145613","42327","trrroy","steveoliver"
"146719","26979","sdboyer","merlinofchaos"
"146719","26398","sdboyer","Crell"
"146719","24967","sdboyer","webchick"
"146719","54136","sdboyer","sun"
"146719","820332","sdboyer","Snugug"
"146719","244460","sdboyer","ericduran"
"146719","99777","sdboyer","Wim Leers"
"146719","94675","sdboyer","nnewton"
"147794","26979","oseldman","merlinofchaos"
"147794","85586","oseldman","jenlampton"
"147794","104","oseldman","christefano"
"148199","30906","jthorson","rfay"
"148199","24967","jthorson","webchick"
"148199","54136","jthorson","sun"
"148199","65776","jthorson","xjm"
"148199","241634","jthorson","tim.plunkett"
"148199","36762","jthorson","greggles"
"148199","128537","jthorson","heyrocker"
"148199","147331","jthorson","zzolo"
"149225","72958","sk33lz","davexoxide"
"149225","59025","sk33lz","sirkitree"
"149225","72964","sk33lz","eternalistic"
"149225","112500","sk33lz","Jody Lynn"
"149225","724750","sk33lz","lliss"
"149225","168251","sk33lz","tizzo"
"149225","402562","sk33lz","sheise"
"149580","262198","ajesh","klausi"
"150331","85730","balapalanisamy","Shyamala"
"150473","36762","vordude","greggles"
"150473","27802","vordude","cyberswat"
"150473","91990","vordude","coltrane"
"150473","120651","vordude","beeradb"
"150473","16496","vordude","eaton"
"150473","139334","vordude","Rick Nashleanas"
"150473","244460","vordude","ericduran"
"151671","32095","n8tron","JohnAlbin"
"151671","26398","n8tron","Crell"
"151868","112500","acouch","Jody Lynn"
"151868","168251","acouch","tizzo"
"152678","184408","focal55","mmilano"
"152678","376463","focal55","Aimee Degnan"
"152678","8389","focal55","Kristen Pol"
"152678","128191","focal55","kscheirer"
"153116","52142","ashepherd","scor"
"153116","95964","ashepherd","dbassendine"
"153116","89684","ashepherd","netw3rker"
"153120","5449","janusman","robertDouglass"
"153120","49851","janusman","pwolanin"
"153120","266779","janusman","cpliakas"
"153888","1850070","ardnet","cilefen"
"153963","120651","ultimateboy","beeradb"
"153963","9446","ultimateboy","chx"
"153963","27802","ultimateboy","cyberswat"
"153963","53892","ultimateboy","Dave Reid"
"153963","36762","ultimateboy","greggles"
"153963","65676","ultimateboy","mortendk"
"153963","109890","ultimateboy","sreynen"
"153963","33420","ultimateboy","aaron"
"153963","298852","ultimateboy","techgirlgeek"
"153963","24967","ultimateboy","webchick"
"153963","103935","ultimateboy","Zarabadoo"
"153963","264833","ultimateboy","yhahn"
"153963","31731","ultimateboy","jmiccolis"
"153998","128537","Itangalo","heyrocker"
"153998","24967","Itangalo","webchick"
"153998","65088","Itangalo","add1sun"
"153998","166383","Itangalo","chrisshattuck"
"153998","239911","Itangalo","dixon_"
"153998","16747","Itangalo","fago"
"153998","362406","Itangalo","pontus_nilsson"
"153998","26398","Itangalo","Crell"
"153998","255704","Itangalo","fabsor"
"154069","298852","aaronott","techgirlgeek"
"154069","36762","aaronott","greggles"
"154069","153963","aaronott","ultimateboy"
"154069","680072","aaronott","rickmanelius"
"154086","87585","dagmar","lucascaro"
"154086","45934","dagmar","Mojah"
"154086","99340","dagmar","dawehner"
"155601","24967","jhodgdon","webchick"
"155601","241634","jhodgdon","tim.plunkett"
"155601","214652","jhodgdon","Berdir"
"155601","9446","jhodgdon","chx"
"155601","4166","jhodgdon","GÃ¡bor Hojtsy"
"155601","65088","jhodgdon","add1sun"
"155601","1","jhodgdon","Dries"
"156237","86106","vasike","bojanz"
"156237","367701","vasike","dwkitchen"
"156237","49344","vasike","rszrama"
"156237","729614","vasike","amateescu"
"156237","71764","vasike","criz"
"156237","16132","vasike","kotnik"
"156600","30906","illmasterc","rfay"
"156600","209141","illmasterc","kostajh"
"157725","54136","alexpott","sun"
"157725","128537","alexpott","heyrocker"
"157725","107403","alexpott","swentel"
"157725","9446","alexpott","chx"
"157846","628748","chipk","FatherShawn"
"158153","99777","marcvangend","Wim Leers"
"158153","258568","marcvangend","YesCT"
"158153","4166","marcvangend","GÃ¡bor Hojtsy"
"158886","24967","arianek","webchick"
"158886","128537","arianek","heyrocker"
"158886","155601","arianek","jhodgdon"
"158886","139855","arianek","ksenzee"
"158886","65088","arianek","add1sun"
"158886","61873","arianek","Rok Å½lender"
"158886","9446","arianek","chx"
"159507","151868","fusionx1","acouch"
"159507","13085","fusionx1","Sheldon Rampton"
"159638","35266","dan_lennox","sime"
"159638","103796","dan_lennox","Deciphered"
"160302","693738","joelpittet","Fabianx"
"160302","42327","joelpittet","steveoliver"
"160302","85586","joelpittet","jenlampton"
"160302","172987","joelpittet","katbailey"
"160302","1167326","joelpittet","Cottser"
"160302","75278","joelpittet","msonnabaum"
"160302","24967","joelpittet","webchick"
"160479","81488","mcjim","matason"
"160479","241220","mcjim","galooph"
"160918","65676","petrpo","mortendk"
"160918","37679","petrpo","sign"
"160918","56154","petrpo","wojtha"
"160918","338433","petrpo","pokurek"
"160918","747308","petrpo","berkas1"
"161058","59025","justafish","sirkitree"
"161058","244460","justafish","ericduran"
"161263","26398","bbinkovitz","Crell"
"161263","81067","bbinkovitz","becw"
"161263","392906","bbinkovitz","ashedryden"
"161263","161913","bbinkovitz","smokris"
"161913","157079","smokris","mradcliffe"
"161913","24967","smokris","webchick"
"162357","68912","lut4rp","JacobSingh"
"162357","24967","lut4rp","webchick"
"162357","33667","lut4rp","lyricnz"
"163683","1","jat32","Dries"
"163683","26979","jat32","merlinofchaos"
"163683","69959","jat32","ezra-g"
"163683","265008","jat32","forestmars"
"163683","125573","jat32","tom_o_t"
"163683","9446","jat32","chx"
"163683","5449","jat32","robertDouglass"
"163683","18703","jat32","Amazon"
"163683","23","jat32","moshe weitzman"
"163683","36762","jat32","greggles"
"163683","65776","jat32","xjm"
"163683","33570","jat32","eliza411"
"163683","118406","jat32","farriss"
"163839","262198","parisek","klausi"
"164217","58600","bwood","populist"
"165145","17157","sylvain_a","David Lesieur"
"165145","160468","sylvain_a","pfournier"
"165145","153998","sylvain_a","Itangalo"
"165145","33420","sylvain_a","aaron"
"165811","38580","afeijo","beejeebus"
"165811","65776","afeijo","xjm"
"165811","241634","afeijo","tim.plunkett"
"165811","589074","afeijo","revagomes"
"165811","99340","afeijo","dawehner"
"165878","77539","srjosh","smerrill"
"165878","159141","srjosh","himerus"
"165878","118452","srjosh","timcosgrove"
"165878","761344","srjosh","fubhy"
"165878","616192","srjosh","mpotter"
"165878","162305","srjosh","arithmetric"
"166970","24967","eporama","webchick"
"166970","23","eporama","moshe weitzman"
"168440","890274","MrHaroldA","rudiedirkx"
"169037","65776","micnap","xjm"
"169037","155601","micnap","jhodgdon"
"169668","66207","RockSoup","jkopel"
"169668","155601","RockSoup","jhodgdon"
"169668","67660","RockSoup","robeano"
"169668","128537","RockSoup","heyrocker"
"169668","32696","RockSoup","GregoryHeller"
"169668","17995","RockSoup","jwalling"
"169668","52557","RockSoup","Scott Falconer"
"172312","49385","Simon Georges","David Stosik"
"172312","632564","Simon Georges","Pomliane"
"172312","309607","Simon Georges","Artusamak"
"172312","116397","Simon Georges","BÃ¨s"
"172312","263678","Simon Georges","opi"
"172312","24967","Simon Georges","webchick"
"172527","65776","aspilicious","xjm"
"172527","24967","aspilicious","webchick"
"172527","241634","aspilicious","tim.plunkett"
"172527","107403","aspilicious","swentel"
"172527","9446","aspilicious","chx"
"172987","75278","katbailey","msonnabaum"
"172987","26398","katbailey","Crell"
"173461","29137","entendu","acstewart"
"175891","3313","redhatmatt","joshk"
"175891","128191","redhatmatt","kscheirer"
"175891","24967","redhatmatt","webchick"
"175891","146719","redhatmatt","sdboyer"
"175968","66163","tshields","floretan"
"175968","65470","tshields","Senpai"
"175968","128191","tshields","kscheirer"
"175968","385042","tshields","drnikki"
"176391","8389","darrylri","Kristen Pol"
"176391","376463","darrylri","Aimee Degnan"
"176391","717290","darrylri","loopduplicate"
"177088","2375","delzhand","jvandyk"
"177088","364178","delzhand","fearlsgroove"
"177445","31033","julien","Shiny"
"177445","151344","julien","davidwhthomas"
"181454","787114","grimfandango","KarinG"
"181798","36762","forestmonster","greggles"
"181798","262198","forestmonster","klausi"
"183211","54136","plach","sun"
"183211","39567","plach","yched"
"183211","35733","plach","catch"
"183211","24967","plach","webchick"
"183211","4481","plach","nedjo"
"183211","9446","plach","chx"
"183956","99340","tobiasb","dawehner"
"184527","68912","SamLerner","JacobSingh"
"185336","1463982","akronym","heddn"
"185336","1167326","akronym","Cottser"
"185336","85586","akronym","jenlampton"
"186334","246646","jemond","science"
"186970","33240","Gold","dman"
"186970","358731","Gold","wiifm"
"186970","1036766","Gold","acbramley"
"188162","26398","Josh Waihi","Crell"
"188162","9446","Josh Waihi","chx"
"188162","24967","Josh Waihi","webchick"
"188603","727580","Susan MacPhee","kenwoodworth"
"188603","748566","Susan MacPhee","jessebeach"
"188603","65676","Susan MacPhee","mortendk"
"188603","92096","Susan MacPhee","Todd Nienkerk"
"188603","89718","Susan MacPhee","Aaron Stanush"
"188603","16496","Susan MacPhee","eaton"
"191182","35733","JeffSheltren","catch"
"191182","409","JeffSheltren","Jeremy"
"191182","94675","JeffSheltren","nnewton"
"191212","79082","Garrett Albright","ceardach"
"191212","426416","Garrett Albright","hefox"
"191261","218671","davidneedham","Steven Merrill"
"191261","66162","davidneedham","bmcmurray"
"191261","372772","davidneedham","eosrei"
"191261","76245","davidneedham","mrf"
"191261","44261","davidneedham","Rob_Feature"
"191261","25701","davidneedham","mfer"
"191261","35821","davidneedham","quicksketch"
"191261","85586","davidneedham","jenlampton"
"191498","470032","mraichelson","thesleuth"
"191498","1817468","mraichelson","rjtownsend"
"191552","63155","rmontero","csevb10"
"191552","317704","rmontero","shawn_smiley"
"191552","198090","rmontero","dago.aceves"
"191965","9446","aleksip","chx"
"195261","36762","missWilder","greggles"
"195261","69959","missWilder","ezra-g"
"195261","235047","missWilder","c4rl"
"195261","91990","missWilder","coltrane"
"196837","643820","kccmcck","Schnitzel"
"197160","49817","capynet","jonhattan"
"197160","122101","capynet","pcambra"
"197160","39078","capynet","NITEMAN"
"199064","24967","sarah_p","webchick"
"199303","9446","Boobaa","chx"
"199303","4166","Boobaa","GÃ¡bor Hojtsy"
"201481","216107","domesticat","alexjarvis"
"201481","80260","domesticat","gcassie"
"202205","972","cYu","deekayen"
"205582","16747","drunken monkey","fago"
"205582","59747","drunken monkey","mh86"
"205582","262198","drunken monkey","klausi"
"205582","5449","drunken monkey","robertDouglass"
"205582","729614","drunken monkey","amateescu"
"205645","24967","phenaproxima","webchick"
"205645","241634","phenaproxima","tim.plunkett"
"205645","99340","phenaproxima","dawehner"
"205645","9446","phenaproxima","chx"
"205645","395439","phenaproxima","larowlan"
"205645","83205","phenaproxima","grom358"
"205645","70688","phenaproxima","bdimaggio"
"206687","258568","markie","YesCT"
"206687","36762","markie","greggles"
"206687","30906","markie","rfay"
"208387","65776","shariharan","xjm"
"208387","684452","shariharan","nate_craddock"
"208568","122101","rbordallo","pcambra"
"208568","50717","rbordallo","trunks"
"208568","25348","rbordallo","JordiTR"
"208732","34869","jhedstrom","drewish"
"208732","33570","jhedstrom","eliza411"
"208732","24967","jhedstrom","webchick"
"208732","22211","jhedstrom","Damien Tournoud"
"208732","23","jhedstrom","moshe weitzman"
"209141","30906","kostajh","rfay"
"210402","1358080","lolandese","patrickd"
"210402","262198","lolandese","klausi"
"210464","238439","ccosta","jjcarrion"
"210499","201798","chriscalip","mbutcher"
"210687","779688","christopherhill","jklmnop"
"212019","24967","Mark Trapp","webchick"
"212019","26398","Mark Trapp","Crell"
"213194","99340","Manuel Garcia","dawehner"
"214652","9446","Berdir","chx"
"214652","26398","Berdir","Crell"
"214652","35733","Berdir","catch"
"214652","22211","Berdir","Damien Tournoud"
"214652","53892","Berdir","Dave Reid"
"216580","301087","lotyrin","halstead"
"216580","33570","lotyrin","eliza411"
"218259","10692","Sakrecoer","zirafa"
"218368","99340","C_Logemann","dawehner"
"218368","57511","C_Logemann","amitaibu"
"218368","229048","C_Logemann","axel.rutz"
"218368","124705","C_Logemann","mkalkbrenner"
"218525","35266","cafuego","sime"
"218525","24967","cafuego","webchick"
"218525","1773","cafuego","emmajane"
"218525","38580","cafuego","beejeebus"
"218525","1198144","cafuego","jibran"
"218525","395439","cafuego","larowlan"
"219410","62965","BioMac411","Xano"
"220119","1167326","oshelach","Cottser"
"220136","85730","saitanay","Shyamala"
"220136","68912","saitanay","JacobSingh"
"220136","184527","saitanay","SamLerner"
"220136","213025","saitanay","kanted"
"220136","471650","saitanay","marpic"
"220136","57130","saitanay","Ravi.J"
"220136","1295980","saitanay","typhonius"
"220177","108450","jwilson3","DamienMcKenna"
"220177","258568","jwilson3","YesCT"
"220177","125473","jwilson3","develCuy"
"220177","138388","jwilson3","jackbravo"
"220177","294937","jwilson3","-enzo-"
"220747","5622","Bodigiti","flavor"
"220747","51132","Bodigiti","ultimike"
"220747","455130","Bodigiti","Kendall Totten"
"220747","1799550","Bodigiti","Jitesh Doshi"
"220747","336254","Bodigiti","kbasarab"
"220747","1511704","Bodigiti","friendlymachine"
"221967","748566","Ehud","jessebeach"
"221967","65776","Ehud","xjm"
"222661","191498","shanford","mraichelson"
"222661","470032","shanford","thesleuth"
"222661","962636","shanford","energee"
"222962","1616656","ibbwebguy","aczietlow"
"224499","99340","Kars-T","dawehner"
"224499","26979","Kars-T","merlinofchaos"
"224499","27985","Kars-T","fgm"
"224499","24967","Kars-T","webchick"
"224499","9446","Kars-T","chx"
"224499","107667","Kars-T","aschiwi"
"224499","83474","Kars-T","derhasi"
"224754","79076","jnicola","gonz"
"226712","214652","Arla","Berdir"
"226712","227761","Arla","miro_dietiker"
"226976","65776","ZenDoodles","xjm"
"226976","24967","ZenDoodles","webchick"
"226976","9446","ZenDoodles","chx"
"226976","241634","ZenDoodles","tim.plunkett"
"226976","155601","ZenDoodles","jhodgdon"
"226976","660472","ZenDoodles","BrockBoland"
"226976","258568","ZenDoodles","YesCT"
"227416","191339","majorhallux","junedkazi"
"227761","9446","miro_dietiker","chx"
"227761","214652","miro_dietiker","Berdir"
"227761","77453","miro_dietiker","cgalli"
"227814","1167326","pwieck","Cottser"
"227814","258568","pwieck","YesCT"
"227849","1531","timmillwood","walkah"
"227849","5449","timmillwood","robertDouglass"
"227849","187099","timmillwood","jamesfk"
"227849","471666","timmillwood","markboulton"
"228295","4481","dasjo","nedjo"
"228295","359937","dasjo","xamanu"
"228295","16747","dasjo","fago"
"228295","59747","dasjo","mh86"
"228295","262198","dasjo","klausi"
"228295","761344","dasjo","fubhy"
"228431","467284","alfababy","DYdave"
"228712","201798","skyredwang","mbutcher"
"228712","61114","skyredwang","RobLoach"
"228712","78134","skyredwang","litwol"
"228712","26979","skyredwang","merlinofchaos"
"228712","58897","skyredwang","jredding"
"228712","1","skyredwang","Dries"
"229127","31977","radimklaska","meba"
"229127","56154","radimklaska","wojtha"
"229127","37679","radimklaska","sign"
"229127","595658","radimklaska","murrayw"
"229127","86970","radimklaska","Ivan Zugec"
"229127","551936","radimklaska","marji"
"231429","350460","yvesvanlaer","netsensei"
"231429","653384","yvesvanlaer","bhamblok"
"231429","717826","yvesvanlaer","svdhout"
"232224","293298","c-c-m","rvilar"
"232224","122101","c-c-m","pcambra"
"232224","57894","c-c-m","mordonez"
"232224","735352","c-c-m","pakmanlh"
"232224","374355","c-c-m","m0d"
"232224","1231448","c-c-m","c31ck"
"232224","408170","c-c-m","rodrigoaguilera"
"233651","154797","Swampcritter","tobby"
"234000","226976","disasm","ZenDoodles"
"234000","241634","disasm","tim.plunkett"
"234000","65776","disasm","xjm"
"234000","1167326","disasm","Cottser"
"234472","1463982","thijsvdanker","heddn"
"234472","382067","thijsvdanker","pfrenssen"
"234751","21629","maindeepak","gobinathm"
"235047","36762","c4rl","greggles"
"235047","85586","c4rl","jenlampton"
"235047","23","c4rl","moshe weitzman"
"235047","75278","c4rl","msonnabaum"
"235047","24967","c4rl","webchick"
"235345","589074","tengoku","revagomes"
"235438","195461","supercabbageuk","courtney.adesile"
"235438","1499798","supercabbageuk","davidsonjames"
"236439","1564318","javieras","alvar0hurtad0"
"236758","155601","TravisCarden","jhodgdon"
"236758","65776","TravisCarden","xjm"
"237346","53372","Lauro Scott-Parkin","Riaan Burger"
"237346","55341","Lauro Scott-Parkin","SubOracle"
"238018","488704","mlopez.oller","friera"
"238033","139855","noslokire","ksenzee"
"238033","282446","noslokire","mikeytown2"
"238439","122101","jjcarrion","pcambra"
"238439","682736","jjcarrion","juampynr"
"238439","780508","jjcarrion","rteijeiro"
"238638","78040","justindodge","effulgentsia"
"239562","24967","valthebald","webchick"
"239562","53892","valthebald","Dave Reid"
"239562","30906","valthebald","rfay"
"239562","9446","valthebald","chx"
"239562","258568","valthebald","YesCT"
"239911","128537","dixon_","heyrocker"
"239962","26979","OnkelTem","merlinofchaos"
"239962","107403","OnkelTem","swentel"
"239962","30906","OnkelTem","rfay"
"239962","68284","OnkelTem","mitchell"
"239962","1312210","OnkelTem","fmizzell"
"239962","16747","OnkelTem","fago"
"240860","51132","tedbow","ultimike"
"241220","160479","galooph","mcjim"
"241220","81488","galooph","matason"
"241276","643820","dermario","Schnitzel"
"241276","214652","dermario","Berdir"
"241634","34869","tim.plunkett","drewish"
"241634","35821","tim.plunkett","quicksketch"
"241634","112500","tim.plunkett","Jody Lynn"
"241634","168251","tim.plunkett","tizzo"
"241634","53892","tim.plunkett","Dave Reid"
"241634","26979","tim.plunkett","merlinofchaos"
"241634","24967","tim.plunkett","webchick"
"241634","9446","tim.plunkett","chx"
"241634","139855","tim.plunkett","ksenzee"
"241634","54136","tim.plunkett","sun"
"241634","99340","tim.plunkett","dawehner"
"241634","36762","tim.plunkett","greggles"
"241634","75278","tim.plunkett","msonnabaum"
"241634","1037976","tim.plunkett","damiankloip"
"241634","78040","tim.plunkett","effulgentsia"
"241652","372123","ronaldmulero","TechNikh"
"241652","101412","ronaldmulero","NancyDru"
"242659","45874","arlinsandbulte","KarenS"
"242659","241634","arlinsandbulte","tim.plunkett"
"243255","93254","stewsnooze","David Strauss"
"243377","54136","frega","sun"
"243377","99340","frega","dawehner"
"243500","85586","jtherkel","jenlampton"
"243500","65776","jtherkel","xjm"
"244227","54136","TwoD","sun"
"244460","31022","ericduran","q0rban"
"244460","146719","ericduran","sdboyer"
"244597","83474","SteffenR","derhasi"
"244597","36942","SteffenR","stBorchert"
"244597","107667","SteffenR","aschiwi"
"246154","266779","webkenny","cpliakas"
"246154","14944","webkenny","sethcohn"
"246154","12363","webkenny","jbrauer"
"248932","1879760","Johnny vd Laar","idebr"
"248932","688610","Johnny vd Laar","willembressers"
"249517","60422","frob","BTMash"
"249768","24967","attheshow","webchick"
"249768","36762","attheshow","greggles"
"249768","139334","attheshow","Rick Nashleanas"
"249768","98581","attheshow","travist"
"249768","150473","attheshow","vordude"
"249768","17190","attheshow","jjeff"
"249768","35821","attheshow","quicksketch"
"251087","501638","el7cosmos","markcarver"
"251087","104631","el7cosmos","suryanto"
"251739","1167326","Unitoch","Cottser"
"251739","79230","Unitoch","eojthebrave"
"251739","24167","Unitoch","dandaman"
"251739","87885","Unitoch","greenmachine"
"252608","168934","Nick Rhind","Paul Johnson"
"252788","245817","brantwynn","indytechcook"
"252788","4166","brantwynn","GÃ¡bor Hojtsy"
"253430","19668","daven","Owen Barton"
"254158","751964","ChandeepKhosa","LewisNyman"
"254158","4166","ChandeepKhosa","GÃ¡bor Hojtsy"
"255733","118908","jaimeguzman","andypost"
"255969","1850070","mcdruid","cilefen"
"256027","8859","lpalgarvio","perusio"
"256027","122464","lpalgarvio","jcnventura"
"256027","666176","lpalgarvio","ricardoamaro"
"256027","1345130","lpalgarvio","kristiaanvandeneynde"
"258167","118637","mrsimonelliott","jpoesen"
"258172","101816","mmcdermott","Liam McDermott"
"258364","157498","hexabinaer","j4h8"
"258364","183956","hexabinaer","tobiasb"
"258568","53081","YesCT","bdragon"
"258568","47874","YesCT","stephthegeek"
"258568","23570","YesCT","Michelle"
"258568","36762","YesCT","greggles"
"258568","65776","YesCT","xjm"
"258568","4166","YesCT","GÃ¡bor Hojtsy"
"258568","24967","YesCT","webchick"
"258568","9446","YesCT","chx"
"258568","157725","YesCT","alexpott"
"259511","16496","scottm316","eaton"
"259511","65088","scottm316","add1sun"
"259511","24967","scottm316","webchick"
"259511","32095","scottm316","JohnAlbin"
"261457","25701","CrashTest_","mfer"
"261457","20975","CrashTest_","agentrickard"
"261457","53892","CrashTest_","Dave Reid"
"261457","9446","CrashTest_","chx"
"261457","26398","CrashTest_","Crell"
"261457","26979","CrashTest_","merlinofchaos"
"262120","214652","zserno","Berdir"
"262120","65776","zserno","xjm"
"262120","748566","zserno","jessebeach"
"262198","16747","klausi","fago"
"262198","36762","klausi","greggles"
"262198","56020","klausi","jpetso"
"262198","59747","klausi","mh86"
"262198","392906","klausi","ashedryden"
"262245","748566","BrightBold","jessebeach"
"262245","100456","BrightBold","bangpound"
"263678","1828874","opi","Saisai"
"263678","309607","opi","Artusamak"
"264148","54136","seutje","sun"
"264148","4166","seutje","GÃ¡bor Hojtsy"
"264148","24967","seutje","webchick"
"264148","26979","seutje","merlinofchaos"
"264148","9446","seutje","chx"
"264148","139855","seutje","ksenzee"
"264148","107403","seutje","swentel"
"264569","395439","miniwebs2","larowlan"
